{
    "learning_rate": 0.04073650623789187,
    "max_depth": 12,
    "max_leaf_nodes": 63,
    "min_samples_leaf": 52,
    "l2_regularization": 0.039499597468768,
    "max_iter": 524
}