{
    "learning_rate": 0.04089599581936438,
    "max_depth": 12,
    "max_leaf_nodes": 35,
    "min_samples_leaf": 222,
    "l2_regularization": 0.6835980422000931,
    "max_iter": 741
}